<?xml version="1.0" encoding="UTF-8" ?>
<!DOCTYPE mapper PUBLIC "-//mybatis.org//DTD Mapper 3.0//EN" 
	"http://mybatis.org/dtd/mybatis-3-mapper.dtd">

<mapper namespace="com.ssafy.happyhouse.model.mapper.MemberMapper">

	<select id="login" parameterType="MemberDto" resultType="MemberDto">
		select username, userid, email, address, joindate
		from member
		where userid = #{userid} and userpwd = #{userpwd}
	</select>
	
	<insert id="join" parameterType="MemberDto">
		INSERT INTO member (userid, username, userpwd, email, address, joindate)
		values(#{userid}, #{username}, #{userpwd}, #{email}, #{address}, now())
	</insert>
	
	<update id="updateMember" parameterType="MemberDto">
		update member
		set username = #{username}, userpwd = #{userpwd}, email = #{email}, address = #{address}
		where userid = #{userid}
	</update>
	
	<delete id="deleteMember" parameterType="MemberDto">
		delete from member
		where userid = #{userid}
	</delete>
	
</mapper>